,links,labels
0,https://www.fesliyanstudios.com/download-link.php?src=i&id=181,Happy
1,https://www.fesliyanstudios.com/download-link.php?src=i&id=234,Happy
2,https://www.fesliyanstudios.com/download-link.php?src=i&id=356,Happy
3,https://www.fesliyanstudios.com/download-link.php?src=i&id=215,Happy
4,https://www.fesliyanstudios.com/download-link.php?src=i&id=282,Happy
5,https://www.fesliyanstudios.com/download-link.php?src=i&id=1250,Happy
6,https://www.fesliyanstudios.com/download-link.php?src=i&id=1219,Happy
7,https://www.fesliyanstudios.com/download-link.php?src=i&id=1197,Happy
8,https://www.fesliyanstudios.com/download-link.php?src=i&id=1189,Happy
9,https://www.fesliyanstudios.com/download-link.php?src=i&id=1049,Happy
10,https://www.fesliyanstudios.com/download-link.php?src=i&id=1057,Happy
11,https://www.fesliyanstudios.com/download-link.php?src=i&id=1034,Happy
12,https://www.fesliyanstudios.com/download-link.php?src=i&id=604,Happy
13,https://www.fesliyanstudios.com/download-link.php?src=i&id=597,Happy
14,https://www.fesliyanstudios.com/download-link.php?src=i&id=510,Happy
15,https://www.fesliyanstudios.com/download-link.php?src=i&id=489,Happy
16,https://www.fesliyanstudios.com/download-link.php?src=i&id=484,Happy
17,https://www.fesliyanstudios.com/download-link.php?src=i&id=417,Happy
18,https://www.fesliyanstudios.com/download-link.php?src=i&id=398,Happy
19,https://www.fesliyanstudios.com/download-link.php?src=i&id=355,Happy
20,https://www.fesliyanstudios.com/download-link.php?src=i&id=345,Happy
21,https://www.fesliyanstudios.com/download-link.php?src=i&id=325,Happy
22,https://www.fesliyanstudios.com/download-link.php?src=i&id=223,Happy
23,https://www.fesliyanstudios.com/download-link.php?src=i&id=279,Happy
24,https://www.fesliyanstudios.com/download-link.php?src=i&id=278,Happy
25,https://www.fesliyanstudios.com/download-link.php?src=i&id=304,Happy
26,https://www.fesliyanstudios.com/download-link.php?src=i&id=287,Happy
27,https://www.fesliyanstudios.com/download-link.php?src=i&id=277,Happy
28,https://www.fesliyanstudios.com/download-link.php?src=i&id=276,Happy
29,https://www.fesliyanstudios.com/download-link.php?src=i&id=219,Happy
30,https://www.fesliyanstudios.com/download-link.php?src=i&id=210,Happy
31,https://www.fesliyanstudios.com/download-link.php?src=i&id=199,Happy
32,https://www.fesliyanstudios.com/download-link.php?src=i&id=200,Happy
33,https://www.fesliyanstudios.com/download-link.php?src=i&id=196,Happy
34,https://www.fesliyanstudios.com/download-link.php?src=i&id=193,Happy
35,https://www.fesliyanstudios.com/download-link.php?src=i&id=191,Happy
36,https://www.fesliyanstudios.com/download-link.php?src=i&id=190,Happy
37,https://www.fesliyanstudios.com/download-link.php?src=i&id=185,Happy
38,https://www.fesliyanstudios.com/download-link.php?src=i&id=172,Happy
39,https://www.fesliyanstudios.com/download-link.php?src=i&id=167,Happy
40,https://www.fesliyanstudios.com/download-link.php?src=i&id=165,Happy
41,https://www.fesliyanstudios.com/download-link.php?src=i&id=159,Happy
42,https://www.fesliyanstudios.com/download-link.php?src=i&id=155,Happy
43,https://www.fesliyanstudios.com/download-link.php?src=i&id=154,Happy
44,https://www.fesliyanstudios.com/download-link.php?src=i&id=128,Happy
45,https://www.fesliyanstudios.com/download-link.php?src=i&id=123,Happy
46,https://www.fesliyanstudios.com/download-link.php?src=i&id=121,Happy
47,https://www.fesliyanstudios.com/download-link.php?src=i&id=114,Happy
48,https://www.fesliyanstudios.com/download-link.php?src=i&id=111,Happy
49,https://www.fesliyanstudios.com/download-link.php?src=i&id=103,Happy
50,https://www.fesliyanstudios.com/download-link.php?src=i&id=99,Happy
51,https://www.fesliyanstudios.com/download-link.php?src=i&id=94,Happy
52,https://www.fesliyanstudios.com/download-link.php?src=i&id=93,Happy
53,https://www.fesliyanstudios.com/download-link.php?src=i&id=88,Happy
54,https://www.fesliyanstudios.com/download-link.php?src=i&id=3,Happy
55,https://www.fesliyanstudios.com/download-link.php?src=i&id=5,Happy
56,https://www.fesliyanstudios.com/download-link.php?src=i&id=6,Happy
57,https://www.fesliyanstudios.com/download-link.php?src=i&id=11,Happy
58,https://www.fesliyanstudios.com/download-link.php?src=i&id=26,Happy
59,https://www.fesliyanstudios.com/download-link.php?src=i&id=40,Happy
60,https://www.fesliyanstudios.com/download-link.php?src=i&id=293,Happy
61,https://www.fesliyanstudios.com/download-link.php?src=i&id=314,Happy
62,https://www.fesliyanstudios.com/download-link.php?src=i&id=298,Happy
63,https://www.fesliyanstudios.com/download-link.php?src=i&id=377,Sad
64,https://www.fesliyanstudios.com/download-link.php?src=i&id=231,Sad
65,https://www.fesliyanstudios.com/download-link.php?src=i&id=286,Sad
66,https://www.fesliyanstudios.com/download-link.php?src=i&id=37,Sad
67,https://www.fesliyanstudios.com/download-link.php?src=i&id=213,Sad
68,https://www.fesliyanstudios.com/download-link.php?src=i&id=194,Sad
69,https://www.fesliyanstudios.com/download-link.php?src=i&id=1143,Sad
70,https://www.fesliyanstudios.com/download-link.php?src=i&id=1170,Sad
71,https://www.fesliyanstudios.com/download-link.php?src=i&id=1048,Sad
72,https://www.fesliyanstudios.com/download-link.php?src=i&id=656,Sad
73,https://www.fesliyanstudios.com/download-link.php?src=i&id=538,Sad
74,https://www.fesliyanstudios.com/download-link.php?src=i&id=346,Sad
75,https://www.fesliyanstudios.com/download-link.php?src=i&id=224,Sad
76,https://www.fesliyanstudios.com/download-link.php?src=i&id=217,Sad
77,https://www.fesliyanstudios.com/download-link.php?src=i&id=210,Sad
78,https://www.fesliyanstudios.com/download-link.php?src=i&id=208,Sad
79,https://www.fesliyanstudios.com/download-link.php?src=i&id=183,Sad
80,https://www.fesliyanstudios.com/download-link.php?src=i&id=170,Sad
81,https://www.fesliyanstudios.com/download-link.php?src=i&id=166,Sad
82,https://www.fesliyanstudios.com/download-link.php?src=i&id=161,Sad
83,https://www.fesliyanstudios.com/download-link.php?src=i&id=159,Sad
84,https://www.fesliyanstudios.com/download-link.php?src=i&id=156,Sad
85,https://www.fesliyanstudios.com/download-link.php?src=i&id=155,Sad
86,https://www.fesliyanstudios.com/download-link.php?src=i&id=153,Sad
87,https://www.fesliyanstudios.com/download-link.php?src=i&id=135,Sad
88,https://www.fesliyanstudios.com/download-link.php?src=i&id=131,Sad
89,https://www.fesliyanstudios.com/download-link.php?src=i&id=129,Sad
90,https://www.fesliyanstudios.com/download-link.php?src=i&id=128,Sad
91,https://www.fesliyanstudios.com/download-link.php?src=i&id=127,Sad
92,https://www.fesliyanstudios.com/download-link.php?src=i&id=123,Sad
93,https://www.fesliyanstudios.com/download-link.php?src=i&id=121,Sad
94,https://www.fesliyanstudios.com/download-link.php?src=i&id=114,Sad
95,https://www.fesliyanstudios.com/download-link.php?src=i&id=110,Sad
96,https://www.fesliyanstudios.com/download-link.php?src=i&id=108,Sad
97,https://www.fesliyanstudios.com/download-link.php?src=i&id=102,Sad
98,https://www.fesliyanstudios.com/download-link.php?src=i&id=99,Sad
99,https://www.fesliyanstudios.com/download-link.php?src=i&id=98,Sad
100,https://www.fesliyanstudios.com/download-link.php?src=i&id=96,Sad
101,https://www.fesliyanstudios.com/download-link.php?src=i&id=92,Sad
102,https://www.fesliyanstudios.com/download-link.php?src=i&id=86,Sad
103,https://www.fesliyanstudios.com/download-link.php?src=i&id=84,Sad
104,https://www.fesliyanstudios.com/download-link.php?src=i&id=5,Sad
105,https://www.fesliyanstudios.com/download-link.php?src=i&id=8,Sad
106,https://www.fesliyanstudios.com/download-link.php?src=i&id=9,Sad
107,https://www.fesliyanstudios.com/download-link.php?src=i&id=13,Sad
108,https://www.fesliyanstudios.com/download-link.php?src=i&id=15,Sad
109,https://www.fesliyanstudios.com/download-link.php?src=i&id=23,Sad
110,https://www.fesliyanstudios.com/download-link.php?src=i&id=29,Sad
111,https://www.fesliyanstudios.com/download-link.php?src=i&id=31,Sad
112,https://www.fesliyanstudios.com/download-link.php?src=i&id=36,Sad
113,https://www.fesliyanstudios.com/download-link.php?src=i&id=41,Sad
114,https://www.fesliyanstudios.com/download-link.php?src=i&id=43,Sad
115,https://www.fesliyanstudios.com/download-link.php?src=i&id=44,Sad
116,https://www.fesliyanstudios.com/download-link.php?src=i&id=49,Sad
117,https://www.fesliyanstudios.com/download-link.php?src=i&id=52,Sad
118,https://www.fesliyanstudios.com/download-link.php?src=i&id=55,Sad
119,https://www.fesliyanstudios.com/download-link.php?src=i&id=54,Sad
120,https://www.fesliyanstudios.com/download-link.php?src=i&id=56,Sad
121,https://www.fesliyanstudios.com/download-link.php?src=i&id=58,Sad
122,https://www.fesliyanstudios.com/download-link.php?src=i&id=62,Sad
123,https://www.fesliyanstudios.com/download-link.php?src=i&id=63,Sad
124,https://www.fesliyanstudios.com/download-link.php?src=i&id=71,Sad
125,https://www.fesliyanstudios.com/download-link.php?src=i&id=73,Sad
126,https://www.fesliyanstudios.com/download-link.php?src=i&id=82,Sad
127,https://www.fesliyanstudios.com/download-link.php?src=i&id=83,Sad
128,https://www.fesliyanstudios.com/download-link.php?src=i&id=334,Sad
129,https://www.fesliyanstudios.com/download-link.php?src=i&id=353,Sad
130,https://www.fesliyanstudios.com/download-link.php?src=i&id=386,Funny
131,https://www.fesliyanstudios.com/download-link.php?src=i&id=261,Funny
132,https://www.fesliyanstudios.com/download-link.php?src=i&id=336,Funny
133,https://www.fesliyanstudios.com/download-link.php?src=i&id=235,Funny
134,https://www.fesliyanstudios.com/download-link.php?src=i&id=171,Funny
135,https://www.fesliyanstudios.com/download-link.php?src=i&id=1197,Funny
136,https://www.fesliyanstudios.com/download-link.php?src=i&id=1104,Funny
137,https://www.fesliyanstudios.com/download-link.php?src=i&id=1112,Funny
138,https://www.fesliyanstudios.com/download-link.php?src=i&id=1041,Funny
139,https://www.fesliyanstudios.com/download-link.php?src=i&id=1034,Funny
140,https://www.fesliyanstudios.com/download-link.php?src=i&id=986,Funny
141,https://www.fesliyanstudios.com/download-link.php?src=i&id=802,Funny
142,https://www.fesliyanstudios.com/download-link.php?src=i&id=686,Funny
143,https://www.fesliyanstudios.com/download-link.php?src=i&id=582,Funny
144,https://www.fesliyanstudios.com/download-link.php?src=i&id=398,Funny
145,https://www.fesliyanstudios.com/download-link.php?src=i&id=333,Funny
146,https://www.fesliyanstudios.com/download-link.php?src=i&id=329,Funny
147,https://www.fesliyanstudios.com/download-link.php?src=i&id=314,Funny
148,https://www.fesliyanstudios.com/download-link.php?src=i&id=308,Funny
149,https://www.fesliyanstudios.com/download-link.php?src=i&id=297,Funny
150,https://www.fesliyanstudios.com/download-link.php?src=i&id=295,Funny
151,https://www.fesliyanstudios.com/download-link.php?src=i&id=298,Funny
152,https://www.fesliyanstudios.com/download-link.php?src=i&id=311,Funny
153,https://www.fesliyanstudios.com/download-link.php?src=i&id=284,Funny
154,https://www.fesliyanstudios.com/download-link.php?src=i&id=165,Funny
155,https://www.fesliyanstudios.com/download-link.php?src=i&id=293,Funny
156,https://www.fesliyanstudios.com/download-link.php?src=i&id=292,Funny
157,https://www.fesliyanstudios.com/download-link.php?src=i&id=300,Funny
158,https://www.fesliyanstudios.com/download-link.php?src=i&id=236,Funny
159,https://www.fesliyanstudios.com/download-link.php?src=i&id=317,Funny
160,https://www.fesliyanstudios.com/download-link.php?src=i&id=313,Funny
161,https://www.fesliyanstudios.com/download-link.php?src=i&id=290,Funny
162,https://www.fesliyanstudios.com/download-link.php?src=i&id=94,Funny
163,https://www.fesliyanstudios.com/download-link.php?src=i&id=332,Suspense
164,https://www.fesliyanstudios.com/download-link.php?src=i&id=299,Suspense
165,https://www.fesliyanstudios.com/download-link.php?src=i&id=307,Suspense
166,https://www.fesliyanstudios.com/download-link.php?src=i&id=265,Suspense
167,https://www.fesliyanstudios.com/download-link.php?src=i&id=358,Suspense
168,https://www.fesliyanstudios.com/download-link.php?src=i&id=351,Suspense
169,https://www.fesliyanstudios.com/download-link.php?src=i&id=1152,Suspense
170,https://www.fesliyanstudios.com/download-link.php?src=i&id=1093,Suspense
171,https://www.fesliyanstudios.com/download-link.php?src=i&id=1010,Suspense
172,https://www.fesliyanstudios.com/download-link.php?src=i&id=993,Suspense
173,https://www.fesliyanstudios.com/download-link.php?src=i&id=992,Suspense
174,https://www.fesliyanstudios.com/download-link.php?src=i&id=547,Suspense
175,https://www.fesliyanstudios.com/download-link.php?src=i&id=501,Suspense
176,https://www.fesliyanstudios.com/download-link.php?src=i&id=397,Suspense
177,https://www.fesliyanstudios.com/download-link.php?src=i&id=388,Suspense
178,https://www.fesliyanstudios.com/download-link.php?src=i&id=340,Suspense
179,https://www.fesliyanstudios.com/download-link.php?src=i&id=296,Suspense
180,https://www.fesliyanstudios.com/download-link.php?src=i&id=294,Suspense
181,https://www.fesliyanstudios.com/download-link.php?src=i&id=291,Suspense
182,https://www.fesliyanstudios.com/download-link.php?src=i&id=262,Suspense
183,https://www.fesliyanstudios.com/download-link.php?src=i&id=280,Suspense
184,https://www.fesliyanstudios.com/download-link.php?src=i&id=225,Suspense
185,https://www.fesliyanstudios.com/download-link.php?src=i&id=283,Suspense
186,https://www.fesliyanstudios.com/download-link.php?src=i&id=264,Suspense
187,https://www.fesliyanstudios.com/download-link.php?src=i&id=221,Suspense
188,https://www.fesliyanstudios.com/download-link.php?src=i&id=289,Suspense
189,https://www.fesliyanstudios.com/download-link.php?src=i&id=232,Suspense
190,https://www.fesliyanstudios.com/download-link.php?src=i&id=216,Suspense
191,https://www.fesliyanstudios.com/download-link.php?src=i&id=214,Suspense
192,https://www.fesliyanstudios.com/download-link.php?src=i&id=209,Suspense
193,https://www.fesliyanstudios.com/download-link.php?src=i&id=207,Suspense
194,https://www.fesliyanstudios.com/download-link.php?src=i&id=206,Suspense
195,https://www.fesliyanstudios.com/download-link.php?src=i&id=205,Suspense
196,https://www.fesliyanstudios.com/download-link.php?src=i&id=201,Suspense
197,https://www.fesliyanstudios.com/download-link.php?src=i&id=198,Suspense
198,https://www.fesliyanstudios.com/download-link.php?src=i&id=197,Suspense
199,https://www.fesliyanstudios.com/download-link.php?src=i&id=195,Suspense
200,https://www.fesliyanstudios.com/download-link.php?src=i&id=192,Suspense
201,https://www.fesliyanstudios.com/download-link.php?src=i&id=189,Suspense
202,https://www.fesliyanstudios.com/download-link.php?src=i&id=188,Suspense
203,https://www.fesliyanstudios.com/download-link.php?src=i&id=187,Suspense
204,https://www.fesliyanstudios.com/download-link.php?src=i&id=186,Suspense
205,https://www.fesliyanstudios.com/download-link.php?src=i&id=173,Suspense
206,https://www.fesliyanstudios.com/download-link.php?src=i&id=163,Suspense
207,https://www.fesliyanstudios.com/download-link.php?src=i&id=164,Suspense
208,https://www.fesliyanstudios.com/download-link.php?src=i&id=162,Suspense
209,https://www.fesliyanstudios.com/download-link.php?src=i&id=160,Suspense
210,https://www.fesliyanstudios.com/download-link.php?src=i&id=158,Suspense
211,https://www.fesliyanstudios.com/download-link.php?src=i&id=157,Suspense
212,https://www.fesliyanstudios.com/download-link.php?src=i&id=152,Suspense
213,https://www.fesliyanstudios.com/download-link.php?src=i&id=149,Suspense
214,https://www.fesliyanstudios.com/download-link.php?src=i&id=141,Suspense
215,https://www.fesliyanstudios.com/download-link.php?src=i&id=140,Suspense
216,https://www.fesliyanstudios.com/download-link.php?src=i&id=139,Suspense
217,https://www.fesliyanstudios.com/download-link.php?src=i&id=431,Action
218,https://www.fesliyanstudios.com/download-link.php?src=i&id=340,Action
219,https://www.fesliyanstudios.com/download-link.php?src=i&id=316,Action
220,https://www.fesliyanstudios.com/download-link.php?src=i&id=291,Action
221,https://www.fesliyanstudios.com/download-link.php?src=i&id=280,Action
222,https://www.fesliyanstudios.com/download-link.php?src=i&id=1152,Action
223,https://www.fesliyanstudios.com/download-link.php?src=i&id=993,Action
224,https://www.fesliyanstudios.com/download-link.php?src=i&id=863,Action
225,https://www.fesliyanstudios.com/download-link.php?src=i&id=547,Action
226,https://www.fesliyanstudios.com/download-link.php?src=i&id=388,Action
227,https://www.fesliyanstudios.com/download-link.php?src=i&id=299,Action
228,https://www.fesliyanstudios.com/download-link.php?src=i&id=264,Action
229,https://www.fesliyanstudios.com/download-link.php?src=i&id=233,Action
230,https://www.fesliyanstudios.com/download-link.php?src=i&id=309,Action
231,https://www.fesliyanstudios.com/download-link.php?src=i&id=221,Action
232,https://www.fesliyanstudios.com/download-link.php?src=i&id=289,Action
233,https://www.fesliyanstudios.com/download-link.php?src=i&id=218,Action
234,https://www.fesliyanstudios.com/download-link.php?src=i&id=216,Action
235,https://www.fesliyanstudios.com/download-link.php?src=i&id=209,Action
236,https://www.fesliyanstudios.com/download-link.php?src=i&id=207,Action
237,https://www.fesliyanstudios.com/download-link.php?src=i&id=198,Action
238,https://www.fesliyanstudios.com/download-link.php?src=i&id=197,Action
239,https://www.fesliyanstudios.com/download-link.php?src=i&id=189,Action
240,https://www.fesliyanstudios.com/download-link.php?src=i&id=182,Action
241,https://www.fesliyanstudios.com/download-link.php?src=i&id=160,Action
242,https://www.fesliyanstudios.com/download-link.php?src=i&id=158,Action
243,https://www.fesliyanstudios.com/download-link.php?src=i&id=151,Action
244,https://www.fesliyanstudios.com/download-link.php?src=i&id=149,Action
245,https://www.fesliyanstudios.com/download-link.php?src=i&id=139,Action
246,https://www.fesliyanstudios.com/download-link.php?src=i&id=137,Action
247,https://www.fesliyanstudios.com/download-link.php?src=i&id=130,Action
248,https://www.fesliyanstudios.com/download-link.php?src=i&id=124,Action
249,https://www.fesliyanstudios.com/download-link.php?src=i&id=122,Action
250,https://www.fesliyanstudios.com/download-link.php?src=i&id=116,Action
251,https://www.fesliyanstudios.com/download-link.php?src=i&id=113,Action
252,https://www.fesliyanstudios.com/download-link.php?src=i&id=112,Action
253,https://www.fesliyanstudios.com/download-link.php?src=i&id=107,Action
254,https://www.fesliyanstudios.com/download-link.php?src=i&id=106,Action
255,https://www.fesliyanstudios.com/download-link.php?src=i&id=104,Action
256,https://www.fesliyanstudios.com/download-link.php?src=i&id=101,Action
257,https://www.fesliyanstudios.com/download-link.php?src=i&id=97,Action
258,https://www.fesliyanstudios.com/download-link.php?src=i&id=92,Action
259,https://www.fesliyanstudios.com/download-link.php?src=i&id=90,Action
260,https://www.fesliyanstudios.com/download-link.php?src=i&id=89,Action
261,https://www.fesliyanstudios.com/download-link.php?src=i&id=7,Action
262,https://www.fesliyanstudios.com/download-link.php?src=i&id=8,Action
263,https://www.fesliyanstudios.com/download-link.php?src=i&id=10,Action
264,https://www.fesliyanstudios.com/download-link.php?src=i&id=12,Action
265,https://www.fesliyanstudios.com/download-link.php?src=i&id=14,Action
266,https://www.fesliyanstudios.com/download-link.php?src=i&id=15,Action
267,https://www.fesliyanstudios.com/download-link.php?src=i&id=19,Action
268,https://www.fesliyanstudios.com/download-link.php?src=i&id=25,Action
269,https://www.fesliyanstudios.com/download-link.php?src=i&id=27,Action
270,https://www.fesliyanstudios.com/download-link.php?src=i&id=29,Action
271,https://www.fesliyanstudios.com/download-link.php?src=i&id=30,Action
272,https://www.fesliyanstudios.com/download-link.php?src=i&id=35,Action
273,https://www.fesliyanstudios.com/download-link.php?src=i&id=38,Action
274,https://www.fesliyanstudios.com/download-link.php?src=i&id=39,Action
275,https://www.fesliyanstudios.com/download-link.php?src=i&id=41,Action
276,https://www.fesliyanstudios.com/download-link.php?src=i&id=45,Action
277,https://www.fesliyanstudios.com/download-link.php?src=i&id=46,Action
278,https://www.fesliyanstudios.com/download-link.php?src=i&id=47,Action
279,https://www.fesliyanstudios.com/download-link.php?src=i&id=49,Action
280,https://www.fesliyanstudios.com/download-link.php?src=i&id=53,Action
281,https://www.fesliyanstudios.com/download-link.php?src=i&id=59,Action
282,https://www.fesliyanstudios.com/download-link.php?src=i&id=62,Action
283,https://www.fesliyanstudios.com/download-link.php?src=i&id=64,Action
284,https://www.fesliyanstudios.com/download-link.php?src=i&id=71,Action
285,https://www.fesliyanstudios.com/download-link.php?src=i&id=72,Action
286,https://www.fesliyanstudios.com/download-link.php?src=i&id=74,Action
287,https://www.fesliyanstudios.com/download-link.php?src=i&id=78,Action
288,https://www.fesliyanstudios.com/download-link.php?src=i&id=539,Epic
289,https://www.fesliyanstudios.com/download-link.php?src=i&id=397,Epic
290,https://www.fesliyanstudios.com/download-link.php?src=i&id=346,Epic
291,https://www.fesliyanstudios.com/download-link.php?src=i&id=296,Epic
292,https://www.fesliyanstudios.com/download-link.php?src=i&id=263,Epic
293,https://www.fesliyanstudios.com/download-link.php?src=i&id=1226,Epic
294,https://www.fesliyanstudios.com/download-link.php?src=i&id=343,Epic
295,https://www.fesliyanstudios.com/download-link.php?src=i&id=316,Epic
296,https://www.fesliyanstudios.com/download-link.php?src=i&id=1136,Epic
297,https://www.fesliyanstudios.com/download-link.php?src=i&id=1048,Epic
298,https://www.fesliyanstudios.com/download-link.php?src=i&id=993,Epic
299,https://www.fesliyanstudios.com/download-link.php?src=i&id=863,Epic
300,https://www.fesliyanstudios.com/download-link.php?src=i&id=561,Epic
301,https://www.fesliyanstudios.com/download-link.php?src=i&id=494,Epic
302,https://www.fesliyanstudios.com/download-link.php?src=i&id=449,Epic
303,https://www.fesliyanstudios.com/download-link.php?src=i&id=381,Epic
304,https://www.fesliyanstudios.com/download-link.php?src=i&id=340,Epic
305,https://www.fesliyanstudios.com/download-link.php?src=i&id=306,Epic
306,https://www.fesliyanstudios.com/download-link.php?src=i&id=377,Epic
307,https://www.fesliyanstudios.com/download-link.php?src=i&id=368,Epic
308,https://www.fesliyanstudios.com/download-link.php?src=i&id=305,Epic
309,https://www.fesliyanstudios.com/download-link.php?src=i&id=230,Epic
310,https://www.fesliyanstudios.com/download-link.php?src=i&id=223,Epic
311,https://www.fesliyanstudios.com/download-link.php?src=i&id=233,Epic
312,https://www.fesliyanstudios.com/download-link.php?src=i&id=221,Epic
313,https://www.fesliyanstudios.com/download-link.php?src=i&id=232,Epic
314,https://www.fesliyanstudios.com/download-link.php?src=i&id=216,Epic
315,https://www.fesliyanstudios.com/download-link.php?src=i&id=209,Epic
316,https://www.fesliyanstudios.com/download-link.php?src=i&id=208,Epic
317,https://www.fesliyanstudios.com/download-link.php?src=i&id=202,Epic
318,https://www.fesliyanstudios.com/download-link.php?src=i&id=198,Epic
319,https://www.fesliyanstudios.com/download-link.php?src=i&id=195,Epic
320,https://www.fesliyanstudios.com/download-link.php?src=i&id=192,Epic
321,https://www.fesliyanstudios.com/download-link.php?src=i&id=190,Epic
322,https://www.fesliyanstudios.com/download-link.php?src=i&id=187,Epic
323,https://www.fesliyanstudios.com/download-link.php?src=i&id=183,Epic
324,https://www.fesliyanstudios.com/download-link.php?src=i&id=169,Epic
325,https://www.fesliyanstudios.com/download-link.php?src=i&id=160,Epic
326,https://www.fesliyanstudios.com/download-link.php?src=i&id=152,Epic
327,https://www.fesliyanstudios.com/download-link.php?src=i&id=151,Epic
328,https://www.fesliyanstudios.com/download-link.php?src=i&id=148,Epic
329,https://www.fesliyanstudios.com/download-link.php?src=i&id=138,Epic
330,https://www.fesliyanstudios.com/download-link.php?src=i&id=137,Epic
331,https://www.fesliyanstudios.com/download-link.php?src=i&id=136,Epic
332,https://www.fesliyanstudios.com/download-link.php?src=i&id=135,Epic
333,https://www.fesliyanstudios.com/download-link.php?src=i&id=134,Epic
334,https://www.fesliyanstudios.com/download-link.php?src=i&id=130,Epic
335,https://www.fesliyanstudios.com/download-link.php?src=i&id=123,Epic
336,https://www.fesliyanstudios.com/download-link.php?src=i&id=121,Epic
337,https://www.fesliyanstudios.com/download-link.php?src=i&id=116,Epic
338,https://www.fesliyanstudios.com/download-link.php?src=i&id=113,Epic
339,https://www.fesliyanstudios.com/download-link.php?src=i&id=112,Epic
340,https://www.fesliyanstudios.com/download-link.php?src=i&id=110,Epic
341,https://www.fesliyanstudios.com/download-link.php?src=i&id=107,Epic
342,https://www.fesliyanstudios.com/download-link.php?src=i&id=104,Epic
343,https://www.fesliyanstudios.com/download-link.php?src=i&id=103,Epic
344,https://www.fesliyanstudios.com/download-link.php?src=i&id=98,Epic
345,https://www.fesliyanstudios.com/download-link.php?src=i&id=97,Epic
346,https://www.fesliyanstudios.com/download-link.php?src=i&id=89,Epic
347,https://www.fesliyanstudios.com/download-link.php?src=i&id=87,Epic
348,https://www.fesliyanstudios.com/download-link.php?src=i&id=84,Epic
349,https://www.fesliyanstudios.com/download-link.php?src=i&id=5,Epic
350,https://www.fesliyanstudios.com/download-link.php?src=i&id=6,Epic
351,https://www.fesliyanstudios.com/download-link.php?src=i&id=7,Epic
352,https://www.fesliyanstudios.com/download-link.php?src=i&id=8,Epic
353,https://www.fesliyanstudios.com/download-link.php?src=i&id=10,Epic
354,https://www.fesliyanstudios.com/download-link.php?src=i&id=14,Epic
355,https://www.fesliyanstudios.com/download-link.php?src=i&id=15,Epic
356,https://www.fesliyanstudios.com/download-link.php?src=i&id=19,Epic
357,https://www.fesliyanstudios.com/download-link.php?src=i&id=25,Epic
358,https://www.fesliyanstudios.com/download-link.php?src=i&id=26,Epic
359,https://www.fesliyanstudios.com/download-link.php?src=i&id=27,Epic
360,https://www.fesliyanstudios.com/download-link.php?src=i&id=29,Epic
361,https://www.fesliyanstudios.com/download-link.php?src=i&id=30,Epic
362,https://www.fesliyanstudios.com/download-link.php?src=i&id=34,Epic
363,https://www.fesliyanstudios.com/download-link.php?src=i&id=539,Motivation
364,https://www.fesliyanstudios.com/download-link.php?src=i&id=260,Motivation
365,https://www.fesliyanstudios.com/download-link.php?src=i&id=223,Motivation
366,https://www.fesliyanstudios.com/download-link.php?src=i&id=1250,Motivation
367,https://www.fesliyanstudios.com/download-link.php?src=i&id=1096,Motivation
368,https://www.fesliyanstudios.com/download-link.php?src=i&id=1136,Motivation
369,https://www.fesliyanstudios.com/download-link.php?src=i&id=696,Motivation
370,https://www.fesliyanstudios.com/download-link.php?src=i&id=551,Motivation
371,https://www.fesliyanstudios.com/download-link.php?src=i&id=510,Motivation
372,https://www.fesliyanstudios.com/download-link.php?src=i&id=494,Motivation
373,https://www.fesliyanstudios.com/download-link.php?src=i&id=489,Motivation
374,https://www.fesliyanstudios.com/download-link.php?src=i&id=458,Motivation
375,https://www.fesliyanstudios.com/download-link.php?src=i&id=306,Motivation
376,https://www.fesliyanstudios.com/download-link.php?src=i&id=301,Motivation
377,https://www.fesliyanstudios.com/download-link.php?src=i&id=263,Motivation
378,https://www.fesliyanstudios.com/download-link.php?src=i&id=368,Motivation
379,https://www.fesliyanstudios.com/download-link.php?src=i&id=346,Motivation
380,https://www.fesliyanstudios.com/download-link.php?src=i&id=230,Motivation
381,https://www.fesliyanstudios.com/download-link.php?src=i&id=216,Motivation
382,https://www.fesliyanstudios.com/download-link.php?src=i&id=202,Motivation
383,https://www.fesliyanstudios.com/download-link.php?src=i&id=190,Motivation
384,https://www.fesliyanstudios.com/download-link.php?src=i&id=187,Motivation
385,https://www.fesliyanstudios.com/download-link.php?src=i&id=183,Motivation
386,https://www.fesliyanstudios.com/download-link.php?src=i&id=169,Motivation
387,https://www.fesliyanstudios.com/download-link.php?src=i&id=152,Motivation
388,https://www.fesliyanstudios.com/download-link.php?src=i&id=138,Motivation
389,https://www.fesliyanstudios.com/download-link.php?src=i&id=137,Motivation
390,https://www.fesliyanstudios.com/download-link.php?src=i&id=135,Motivation
391,https://www.fesliyanstudios.com/download-link.php?src=i&id=134,Motivation
392,https://www.fesliyanstudios.com/download-link.php?src=i&id=123,Motivation
393,https://www.fesliyanstudios.com/download-link.php?src=i&id=121,Motivation
394,https://www.fesliyanstudios.com/download-link.php?src=i&id=116,Motivation
395,https://www.fesliyanstudios.com/download-link.php?src=i&id=113,Motivation
396,https://www.fesliyanstudios.com/download-link.php?src=i&id=112,Motivation
397,https://www.fesliyanstudios.com/download-link.php?src=i&id=110,Motivation
398,https://www.fesliyanstudios.com/download-link.php?src=i&id=107,Motivation
399,https://www.fesliyanstudios.com/download-link.php?src=i&id=103,Motivation
400,https://www.fesliyanstudios.com/download-link.php?src=i&id=98,Motivation
401,https://www.fesliyanstudios.com/download-link.php?src=i&id=87,Motivation
402,https://www.fesliyanstudios.com/download-link.php?src=i&id=84,Motivation
403,https://www.fesliyanstudios.com/download-link.php?src=i&id=5,Motivation
404,https://www.fesliyanstudios.com/download-link.php?src=i&id=6,Motivation
405,https://www.fesliyanstudios.com/download-link.php?src=i&id=14,Motivation
406,https://www.fesliyanstudios.com/download-link.php?src=i&id=26,Motivation
407,https://www.fesliyanstudios.com/download-link.php?src=i&id=29,Motivation
408,https://www.fesliyanstudios.com/download-link.php?src=i&id=33,Motivation
409,https://www.fesliyanstudios.com/download-link.php?src=i&id=34,Motivation
410,https://www.fesliyanstudios.com/download-link.php?src=i&id=38,Motivation
411,https://www.fesliyanstudios.com/download-link.php?src=i&id=40,Motivation
412,https://www.fesliyanstudios.com/download-link.php?src=i&id=54,Motivation
413,https://www.fesliyanstudios.com/download-link.php?src=i&id=59,Motivation
414,https://www.fesliyanstudios.com/download-link.php?src=i&id=61,Motivation
415,https://www.fesliyanstudios.com/download-link.php?src=i&id=65,Motivation
416,https://www.fesliyanstudios.com/download-link.php?src=i&id=68,Motivation
417,https://www.fesliyanstudios.com/download-link.php?src=i&id=72,Motivation
418,https://www.fesliyanstudios.com/download-link.php?src=i&id=79,Motivation
419,https://www.fesliyanstudios.com/download-link.php?src=i&id=385,Motivation
420,https://www.fesliyanstudios.com/download-link.php?src=i&id=318,Motivation
